"id";"kode_prov";"kode_kota";"kode_kec";"kode_kel";"kode_nbs";"ppl";"pml";"koseka";"jenis_L1_UTP";"jenis_L2_UTP";"jenis_petawa";"jml_terima_L1_UTP";"jml_terima_L2_UTP";"jml_terima_petaws";"jml_pakai_L1_UTP";"jml_pakai_L2_UTP";"jml_pakai_petaws";"jml_tpakai_L1_UTP";"jml_tpakai_L2_UTP";"jml_tpakai_petaws";"petugas_batching";"tgl_terima";"id_box_batching";"tgl_selesai_box";"petugas_entri";"tgl_mulai_entri";"tgl_selesai_entri";"petugas_edcod";"tgl_mulai_edcod";"tgl_selesai_edcod";"konsentrasi";"jumlah_ruta";"created_at";"updated_at"
"1";"13";"74";"020";"006";"0001";"20";"4";"1";"1";"1";"1";NULL;NULL;NULL;"94";"1";"1";NULL;NULL;NULL;NULL;"2022-11-24";NULL;"2023-01-11";"89";"2023-04-06";NULL;"0";"0000-00-00";"0000-00-00";"1";"87";NULL;"2023-04-06 08:17:00"
"2";"13";"74";"020";"006";"0002";"20";"4";"1";"1";"1";"1";NULL;NULL;NULL;"55";"1";"1";NULL;NULL;NULL;NULL;"2022-11-24";"13740027K";"2023-01-11";"87";"2022-11-24";"2022-11-25";"0";"0000-00-00";"0000-00-00";"1";"49";NULL;"2023-01-11 01:08:19"
"3";"13";"74";"020";"006";"0003";"20";"4";"1";"1";"1";"1";NULL;NULL;NULL;"21";"1";"1";NULL;NULL;NULL;NULL;"2022-11-24";"13740027K";"2023-01-11";"93";"2022-11-25";"2022-11-25";"0";"0000-00-00";"0000-00-00";"1";"20";NULL;"2023-01-11 01:08:27"
"4";"13";"74";"020";"006";"0004";"20";"4";"1";"1";"1";"1";NULL;NULL;NULL;"54";"1";"1";NULL;NULL;NULL;NULL;"2022-11-24";"13740027K";"2023-01-11";"90";"2022-11-24";"2022-11-25";"0";"0000-00-00";"0000-00-00";"1";"49";NULL;"2023-01-11 01:08:34"
"5";"13";"74";"020";"006";"0005";"20";"4";"1";"1";"1";"1";NULL;NULL;NULL;"32";"1";"1";NULL;NULL;NULL;NULL;"2022-11-24";"13740028K";"2023-01-11";"92";"2022-11-24";"2022-11-24";"0";"0000-00-00";"0000-00-00";"1";"30";NULL;"2023-01-11 01:09:33"
"6";"13";"74";"020";"006";"0006";"21";"4";"1";"1";"1";"1";NULL;NULL;NULL;"63";"1";"1";NULL;NULL;NULL;NULL;"2022-11-18";"13740057K";"2023-01-13";"89";"2022-11-28";"2022-11-29";"0";"0000-00-00";"0000-00-00";"0";"58";NULL;"2023-01-13 02:50:43"
"7";"13";"74";"020";"006";"0007";"21";"4";"1";"1";"1";"1";NULL;NULL;NULL;"127";"1";"1";NULL;NULL;NULL;NULL;"2022-11-18";"13740028K";"2023-01-11";"91";"2022-11-21";"2022-11-23";"0";"0000-00-00";"0000-00-00";"1";"107";NULL;"2023-01-11 01:09:50"
"8";"13";"74";"020";"006";"0012";"21";"4";"1";"1";"1";"1";NULL;NULL;NULL;"35";"1";"1";NULL;NULL;NULL;NULL;"2022-11-18";"13740058K";"2023-01-13";"90";"2022-11-30";"2022-12-01";"0";"0000-00-00";"0000-00-00";"0";"32";NULL;"2023-01-13 02:50:58"
"9";"13";"74";"020";"006";"0009";"22";"4";"1";"1";"1";"1";NULL;NULL;NULL;"101";"1";"1";NULL;NULL;NULL;NULL;"2022-11-28";"13740057K";"2023-01-13";"84";"2022-11-29";"2022-12-01";"0";"0000-00-00";"0000-00-00";"0";"83";NULL;"2023-01-13 02:51:31"
"10";"13";"74";"020";"006";"0010";"22";"4";"1";"1";"1";"1";NULL;NULL;NULL;"89";"1";"1";NULL;NULL;NULL;NULL;"2022-11-24";"13740028K";"2023-01-11";"86";"2022-11-24";"2022-11-25";"0";"0000-00-00";"0000-00-00";"1";"80";NULL;"2023-01-11 01:10:19"
"11";"13";"74";"020";"006";"0011";"22";"4";"1";"1";"1";"1";NULL;NULL;NULL;"129";"1";"1";NULL;NULL;NULL;NULL;"2022-11-28";"13740058K";"2023-01-13";"83";"2022-11-29";"2022-12-06";"0";"0000-00-00";"0000-00-00";"0";"118";NULL;"2023-01-13 02:51:55"
"12";"13";"74";"020";"006";"0008";"23";"4";"1";"1";"1";"1";NULL;NULL;NULL;"60";"1";"1";NULL;NULL;NULL;NULL;"2022-11-28";"13740057K";"2023-01-13";"84";"2022-12-01";"2022-12-02";"0";"0000-00-00";"0000-00-00";"0";"57";NULL;"2023-01-13 02:52:09"
"13";"13";"74";"020";"006";"0013";"23";"4";"1";"1";"1";"1";NULL;NULL;NULL;"62";"1";"1";NULL;NULL;NULL;NULL;"2022-11-28";"13740058K";"2023-01-13";"89";"2022-11-29";"2022-11-30";"0";"0000-00-00";"0000-00-00";"0";"55";NULL;"2023-01-13 02:52:33"
"14";"13";"74";"020";"002";"0003";"24";"5";"1";"1";"1";"1";NULL;NULL;NULL;"78";"1";"1";NULL;NULL;NULL;NULL;"2022-11-15";"13740052K";"2023-01-13";"90";"2023-01-14";"2023-01-16";"0";"0000-00-00";"0000-00-00";"0";"73";NULL;"2023-01-16 05:56:15"
"15";"13";"74";"020";"002";"0004";"24";"5";"1";"1";"1";"1";NULL;NULL;NULL;"112";"1";"1";NULL;NULL;NULL;NULL;"2022-11-15";"13740052K";"2023-01-13";"83";"2022-11-29";"2022-12-06";"0";"0000-00-00";"0000-00-00";"0";"101";NULL;"2023-01-13 02:53:35"
"16";"13";"74";"020";"003";"0009";"24";"5";"1";"1";"1";"1";NULL;NULL;NULL;"56";"1";"1";NULL;NULL;NULL;NULL;"2022-11-15";"13740053K";"2023-01-13";"84";"2022-12-02";"2022-12-05";"0";"0000-00-00";"0000-00-00";"0";"51";NULL;"2023-01-13 02:54:03"
"17";"13";"74";"020";"003";"0014";"24";"5";"1";"1";"1";"1";NULL;NULL;NULL;"90";"1";"1";NULL;NULL;NULL;NULL;"2022-11-15";"13740023K";"2023-01-11";"85";"2022-11-24";"2022-11-25";"0";"0000-00-00";"0000-00-00";"1";"82";NULL;"2023-01-11 01:12:10"
"18";"13";"74";"010";"008";"0019";"25";"5";"1";"1";"1";"1";NULL;NULL;NULL;"84";"1";"1";NULL;NULL;NULL;NULL;"2022-11-15";"13740017K";"2023-01-11";"87";"2022-11-22";"2022-11-23";"0";"0000-00-00";"0000-00-00";"1";"78";NULL;"2023-01-11 01:13:44"
"19";"13";"74";"010";"008";"0020";"25";"5";"1";"1";"1";"1";NULL;NULL;NULL;"80";"1";"1";NULL;NULL;NULL;NULL;"2022-11-15";"13740049K";"2023-01-13";"85";"2023-01-15";"2023-01-16";"0";"0000-00-00";"0000-00-00";"0";"71";NULL;"2023-01-16 05:52:18"
"20";"13";"74";"010";"008";"0021";"25";"5";"1";"1";"1";"1";NULL;NULL;NULL;"65";"1";"1";NULL;NULL;NULL;NULL;"2022-11-15";"13740049K";"2023-01-13";"88";"2023-01-12";"2023-01-13";"0";"0000-00-00";"0000-00-00";"0";"63";NULL;"2023-01-13 08:27:47"
"21";"13";"74";"020";"003";"0001";"26";"5";"1";"1";"1";"1";NULL;NULL;NULL;"98";"1";"1";NULL;NULL;NULL;NULL;"2022-11-15";"13740022K";"2023-01-11";"91";"2022-11-18";"2022-11-19";"0";"0000-00-00";"0000-00-00";"1";"92";NULL;"2023-01-11 01:17:20"
"22";"13";"74";"020";"007";"0017";"26";"5";"1";"1";"1";"1";NULL;NULL;NULL;"123";"1";"1";NULL;NULL;NULL;NULL;"2022-11-15";"13740031K";"2023-01-11";"92";"2022-11-19";"2022-11-22";"0";"0000-00-00";"0000-00-00";"1";"113";NULL;"2023-01-11 01:21:11"
"23";"13";"74";"020";"003";"0003";"27";"5";"1";"1";"1";"1";NULL;NULL;NULL;"84";"1";"1";NULL;NULL;NULL;NULL;"2022-11-15";"13740022K";"2023-01-11";"87";"2022-11-24";"2022-11-24";"0";"0000-00-00";"0000-00-00";"1";"80";NULL;"2023-01-11 01:18:08"
"24";"13";"74";"020";"003";"0010";"27";"5";"1";"1";"1";"1";NULL;NULL;NULL;"41";"1";"1";NULL;NULL;NULL;NULL;"2022-11-15";"13740054K";"2023-01-13";"85";"2022-11-29";"2022-11-30";"0";"0000-00-00";"0000-00-00";"0";"38";NULL;"2023-01-13 02:54:59"
"25";"13";"74";"020";"003";"0011";"27";"5";"1";"1";"1";"1";NULL;NULL;NULL;"51";"1";"1";NULL;NULL;NULL;NULL;"2022-11-15";"13740023K";"2023-01-11";"92";"2022-11-17";"2022-11-17";"0";"0000-00-00";"0000-00-00";"1";"45";NULL;"2023-01-11 01:19:31"
"26";"13";"74";"020";"003";"0012";"27";"5";"1";"1";"1";"1";NULL;NULL;NULL;"73";"1";"1";NULL;NULL;NULL;NULL;"2022-11-15";"13740054K";"2023-01-13";"85";"2022-11-28";"2022-11-29";"0";"0000-00-00";"0000-00-00";"0";"68";NULL;"2023-01-13 02:55:14"
"27";"13";"74";"020";"003";"0007";"28";"6";"1";"1";"1";"1";NULL;NULL;NULL;"49";"1";"1";NULL;NULL;NULL;NULL;"2022-11-29";"13740053K";"2023-01-13";"92";"2023-01-13";"2023-01-14";"0";"0000-00-00";"0000-00-00";"0";"45";NULL;"2023-01-14 05:48:34"
"28";"13";"74";"020";"003";"0013";"28";"6";"1";"1";"1";"1";NULL;NULL;NULL;"84";"1";"1";NULL;NULL;NULL;NULL;"2022-11-28";"13740054K";"2023-01-13";"90";"2023-01-13";"2023-01-14";"0";"0000-00-00";"0000-00-00";"0";"76";NULL;"2023-01-14 03:42:09"
"29";"13";"74";"020";"004";"0001";"28";"6";"1";"1";"1";"1";NULL;NULL;NULL;"87";"1";"1";NULL;NULL;NULL;NULL;"2022-11-19";"13740024K";"2023-01-11";"88";"2022-11-22";"2022-11-23";"0";"0000-00-00";"0000-00-00";"1";"78";NULL;"2023-01-11 01:22:12"
"30";"13";"74";"020";"004";"0003";"28";"6";"1";"1";"1";"1";NULL;NULL;NULL;"47";"1";"1";NULL;NULL;NULL;NULL;"2022-11-19";"13740024K";"2023-01-11";"87";"2022-11-21";"2022-11-22";"0";"0000-00-00";"0000-00-00";"1";"41";NULL;"2023-01-11 01:22:31"
"31";"13";"74";"020";"001";"0002";"29";"6";"1";"1";"1";"1";NULL;NULL;NULL;"60";"1";"1";NULL;NULL;NULL;NULL;"2022-11-19";"13740018K";"2023-01-11";"88";"2022-11-23";"2022-11-24";"0";"0000-00-00";"0000-00-00";"1";"56";NULL;"2023-01-11 01:24:37"
"32";"13";"74";"020";"001";"0009";"29";"6";"1";"1";"1";"1";NULL;NULL;NULL;"67";"1";"1";NULL;NULL;NULL;NULL;"2022-11-26";"13740019K";"2023-01-11";"90";"2022-11-26";"2022-11-27";"0";"0000-00-00";"0000-00-00";"1";"56";NULL;"2023-01-11 01:24:00"
"33";"13";"74";"020";"001";"0013";"29";"6";"1";"1";"1";"1";NULL;NULL;NULL;"62";"1";"1";NULL;NULL;NULL;NULL;"2022-11-28";"13740051K";"2023-01-13";"85";"2023-01-09";"2023-01-09";"0";"0000-00-00";"0000-00-00";"0";"56";NULL;"2023-01-13 02:56:06"
"34";"13";"74";"020";"001";"0020";"29";"6";"1";"1";"1";"1";NULL;NULL;NULL;"81";"1";"1";NULL;NULL;NULL;NULL;"2022-11-29";"13740051K";"2023-01-13";"88";"2023-01-04";"2023-01-05";"0";"0000-00-00";"0000-00-00";"0";"71";NULL;"2023-01-13 02:56:21"
"35";"13";"74";"020";"003";"0002";"30";"6";"1";"1";"1";"1";NULL;NULL;NULL;"37";"1";"1";NULL;NULL;NULL;NULL;"2022-11-18";"13740022K";"2023-01-11";"82";"2022-11-21";"2022-11-22";"0";"0000-00-00";"0000-00-00";"1";"36";NULL;"2023-01-11 01:17:48"
"36";"13";"74";"020";"003";"0004";"30";"6";"1";"1";"1";"1";NULL;NULL;NULL;"46";"1";"1";NULL;NULL;NULL;NULL;"2022-11-18";"13740022K";"2023-01-11";"82";"2022-11-22";"2022-11-23";"0";"0000-00-00";"0000-00-00";"1";"43";NULL;"2023-01-11 01:18:28"
"37";"13";"74";"020";"003";"0005";"30";"6";"1";"1";"1";"1";NULL;NULL;NULL;"53";"1";"1";NULL;NULL;NULL;NULL;"2022-11-18";"13740053K";"2023-01-13";"89";"2022-11-29";"2022-11-29";"0";"0000-00-00";"0000-00-00";"0";"51";NULL;"2023-01-13 02:56:33"
"38";"13";"74";"020";"003";"0006";"30";"6";"1";"1";"1";"1";NULL;NULL;NULL;"46";"1";"1";NULL;NULL;NULL;NULL;"2022-11-18";"13740053K";"2023-01-13";"82";"2023-01-06";"2023-01-09";"0";"0000-00-00";"0000-00-00";"0";"44";NULL;"2023-01-13 02:56:47"
"39";"13";"74";"020";"003";"0008";"30";"6";"1";"1";"1";"1";NULL;NULL;NULL;"87";"1";"1";NULL;NULL;NULL;NULL;"2022-11-18";"13740023K";"2023-01-11";"89";"2022-11-23";"2022-11-24";"0";"0000-00-00";"0000-00-00";"1";"77";NULL;"2023-01-11 01:19:56"
"40";"13";"74";"020";"001";"0007";"31";"6";"1";"1";"1";"1";NULL;NULL;NULL;"87";"1";"1";NULL;NULL;NULL;NULL;"2022-11-28";"13740050K";"2023-01-13";"90";"2023-01-09";"2023-01-10";"0";"0000-00-00";"0000-00-00";"0";"81";NULL;"2023-01-13 02:57:09"
"41";"13";"74";"020";"001";"0011";"31";"6";"1";"1";"1";"1";NULL;NULL;NULL;"67";"1";"1";NULL;NULL;NULL;NULL;"2022-11-28";"13740050K";"2023-01-13";"85";"2023-01-06";"2023-01-09";"0";"0000-00-00";"0000-00-00";"0";"61";NULL;"2023-01-13 02:57:41"
"42";"13";"74";"020";"001";"0016";"31";"6";"1";"1";"1";"1";NULL;NULL;NULL;"40";"1";"1";NULL;NULL;NULL;NULL;"2022-11-19";"13740051K";"2023-01-13";"82";"2023-01-14";"2023-01-15";"0";"0000-00-00";"0000-00-00";"0";"31";NULL;"2023-01-15 06:22:44"
"43";"13";"74";"020";"001";"0018";"31";"6";"1";"1";"1";"1";NULL;NULL;NULL;"55";"1";"1";NULL;NULL;NULL;NULL;"2022-11-26";"13740020K";"2023-01-11";"87";"2022-11-26";"2022-11-26";"0";"0000-00-00";"0000-00-00";"1";"46";NULL;"2023-01-11 01:25:31"
"44";"13";"74";"010";"001";"0012";"32";"7";"1";"1";"1";"1";NULL;NULL;NULL;"52";"1";"1";NULL;NULL;NULL;NULL;"2022-11-18";"13740034K";"2023-01-13";"90";"2023-01-10";"2023-01-11";"0";"0000-00-00";"0000-00-00";"0";"47";NULL;"2023-01-13 02:58:16"
"45";"13";"74";"010";"001";"0013";"32";"7";"1";"1";"1";"1";NULL;NULL;NULL;"78";"1";"1";NULL;NULL;NULL;NULL;"2022-11-18";"13740003K";"2023-01-11";"90";"2022-11-19";"2022-11-21";"0";"0000-00-00";"0000-00-00";"1";"72";NULL;"2023-01-11 01:35:52"
"46";"13";"74";"010";"001";"0017";"32";"7";"1";"1";"1";"1";NULL;NULL;NULL;"78";"1";"1";NULL;NULL;NULL;NULL;"2022-11-18";"13740035K";"2023-01-13";"90";"2023-01-12";"2023-01-13";"0";"0000-00-00";"0000-00-00";"0";"72";NULL;"2023-01-13 02:58:57"
"47";"13";"74";"010";"001";"0022";"32";"7";"1";"1";"1";"1";NULL;NULL;NULL;"55";"1";"1";NULL;NULL;NULL;NULL;"2022-11-18";"13740035K";"2023-01-13";"88";"2023-01-09";"2023-01-09";"0";"0000-00-00";"0000-00-00";"0";"52";NULL;"2023-01-13 02:59:09"
"48";"13";"74";"010";"001";"0010";"33";"7";"1";"1";"1";"1";NULL;NULL;NULL;"146";"1";"1";NULL;NULL;NULL;NULL;"2022-11-16";"13740033K";"2023-01-13";"92";"2023-01-10";"2023-01-12";"0";"0000-00-00";"0000-00-00";"0";"133";NULL;"2023-01-13 02:59:43"
"49";"13";"74";"010";"001";"0015";"33";"7";"1";"1";"1";"1";NULL;NULL;NULL;"58";"1";"1";NULL;NULL;NULL;NULL;"2022-11-16";"13740034K";"2023-01-13";"92";"2023-01-14";"2023-01-14";"0";"0000-00-00";"0000-00-00";"0";"54";NULL;"2023-01-14 15:19:39"
"50";"13";"74";"010";"001";"0016";"33";"7";"1";"1";"1";"1";NULL;NULL;NULL;"64";"1";"1";NULL;NULL;NULL;NULL;"2022-11-16";"13740003K";"2023-01-11";"88";"2022-11-21";"2022-11-22";"0";"0000-00-00";"0000-00-00";"1";"57";NULL;"2023-01-11 01:36:25"
"51";"13";"74";"010";"002";"0003";"34";"7";"1";"1";"1";"1";NULL;NULL;NULL;"66";"1";"1";NULL;NULL;NULL;NULL;"2022-11-15";"13740004K";"2023-01-11";"89";"2022-11-17";"2022-11-18";"0";"0000-00-00";"0000-00-00";"1";"63";NULL;"2023-01-11 01:39:24"
"52";"13";"74";"010";"002";"0005";"34";"7";"1";"1";"1";"1";NULL;NULL;NULL;"79";"1";"1";NULL;NULL;NULL;NULL;"2022-11-15";"13740036K";"2023-01-13";"92";"2023-01-13";"2023-01-13";"0";"0000-00-00";"0000-00-00";"0";"71";NULL;"2023-01-13 15:49:20"
"53";"13";"74";"010";"002";"0006";"34";"7";"1";"1";"1";"1";NULL;NULL;NULL;"55";"1";"1";NULL;NULL;NULL;NULL;"2022-11-15";"13740036K";"2023-01-13";"92";"2023-01-15";"2023-01-15";"0";"0000-00-00";"0000-00-00";"0";"51";NULL;"2023-01-15 13:23:10"
"54";"13";"74";"010";"002";"0009";"34";"7";"1";"1";"1";"1";NULL;NULL;NULL;"42";"1";"1";NULL;NULL;NULL;NULL;"2022-11-15";"13740036K";"2023-01-13";"93";"2022-12-07";"2022-12-08";"0";"0000-00-00";"0000-00-00";"0";"40";NULL;"2023-01-13 03:00:55"
"55";"13";"74";"010";"001";"0004";"35";"7";"1";"1";"1";"1";NULL;NULL;NULL;"46";"1";"1";NULL;NULL;NULL;NULL;"2022-11-18";"13740001K";"2023-01-11";"86";"2022-11-20";"2022-11-21";"0";"0000-00-00";"0000-00-00";"1";"41";NULL;"2023-01-11 01:37:59"
"56";"13";"74";"010";"001";"0007";"35";"7";"1";"1";"1";"1";NULL;NULL;NULL;"46";"1";"1";NULL;NULL;NULL;NULL;"2022-11-18";"13740002K";"2023-01-11";"88";"2022-11-19";"2022-11-19";"0";"0000-00-00";"0000-00-00";"1";"43";NULL;"2023-01-11 01:37:03"
"57";"13";"74";"010";"001";"0008";"35";"7";"1";"1";"1";"1";NULL;NULL;NULL;"104";"1";"1";NULL;NULL;NULL;NULL;"2022-11-18";"13740033K";"2023-01-13";"88";"2022-11-30";"2022-12-02";"0";"0000-00-00";"0000-00-00";"0";"94";NULL;"2023-01-13 03:01:21"
"58";"13";"74";"010";"001";"0011";"35";"7";"1";"1";"1";"1";NULL;NULL;NULL;"61";"1";"1";NULL;NULL;NULL;NULL;"2022-11-18";"13740033K";"2023-01-13";"82";"2023-01-12";"2023-01-13";"0";"0000-00-00";"0000-00-00";"0";"58";NULL;"2023-01-13 09:37:14"
"59";"13";"74";"010";"007";"0003";"36";"8";"1";"1";"1";"1";NULL;NULL;NULL;"102";"1";"1";NULL;NULL;NULL;NULL;"2022-11-19";"13740013K";"2023-01-11";"89";"2022-11-21";"2022-11-22";"0";"0000-00-00";"0000-00-00";"1";"90";NULL;"2023-01-11 02:25:56"
"60";"13";"74";"010";"007";"0004";"36";"8";"1";"1";"1";"1";NULL;NULL;NULL;"69";"1";"1";NULL;NULL;NULL;NULL;"2022-11-18";"13740046K";"2023-01-13";"92";"2023-01-04";"2023-01-06";"0";"0000-00-00";"0000-00-00";"0";"65";NULL;"2023-01-13 03:00:21"
"61";"13";"74";"010";"007";"0005";"36";"8";"1";"1";"1";"1";NULL;NULL;NULL;"71";"1";"1";NULL;NULL;NULL;NULL;"2022-11-19";"13740014K";"2023-01-11";"85";"2022-11-21";"2022-11-21";"0";"0000-00-00";"0000-00-00";"1";"63";NULL;"2023-01-11 02:26:29"
"62";"13";"74";"010";"007";"0006";"36";"8";"1";"1";"1";"1";NULL;NULL;NULL;"64";"1";"1";NULL;NULL;NULL;NULL;"2022-11-18";"13740046K";"2023-01-13";"85";"2023-01-04";"2023-01-05";"0";"0000-00-00";"0000-00-00";"0";"61";NULL;"2023-01-13 03:00:44"
"63";"13";"74";"010";"007";"0001";"37";"8";"1";"1";"1";"1";NULL;NULL;NULL;"105";"1";"1";NULL;NULL;NULL;NULL;"2022-11-16";"13740013K";"2023-01-11";"87";"2022-11-18";"2022-11-21";"0";"0000-00-00";"0000-00-00";"1";"95";NULL;"2023-01-11 02:26:57"
"64";"13";"74";"010";"007";"0002";"37";"8";"1";"1";"1";"1";NULL;NULL;NULL;"126";"1";"1";NULL;NULL;NULL;NULL;"2022-11-16";"13740013K";"2023-01-11";"91";"2022-11-19";"2022-11-21";"0";"0000-00-00";"0000-00-00";"1";"116";NULL;"2023-01-11 02:27:11"
"65";"13";"74";"010";"007";"0009";"37";"8";"1";"1";"1";"1";NULL;NULL;NULL;"49";"1";"1";NULL;NULL;NULL;NULL;"2022-11-16";"13740046K";"2023-01-13";"92";"2023-01-04";"2023-01-04";"0";"0000-00-00";"0000-00-00";"0";"43";NULL;"2023-01-13 03:01:08"
"66";"13";"74";"010";"007";"0007";"38";"8";"1";"1";"1";"1";NULL;NULL;NULL;"88";"1";"1";NULL;NULL;NULL;NULL;"2022-11-16";"13740046K";"2023-01-13";"92";"2022-11-30";"2022-12-01";"0";"0000-00-00";"0000-00-00";"0";"84";NULL;"2023-01-13 03:01:31"
"67";"13";"74";"010";"007";"0008";"38";"8";"1";"1";"1";"1";NULL;NULL;NULL;"167";"1";"1";NULL;NULL;NULL;NULL;"2022-11-16";"13740014K";"2023-01-11";"82";"2022-11-19";"2022-11-21";"0";"0000-00-00";"0000-00-00";"1";"151";NULL;"2023-01-11 02:27:37"
"68";"13";"74";"010";"006";"0001";"39";"8";"1";"1";"1";"1";NULL;NULL;NULL;"71";"1";"1";NULL;NULL;NULL;NULL;"2022-11-14";"13740012K";"2023-01-11";"85";"2022-11-19";"2022-11-21";"0";"0000-00-00";"0000-00-00";"1";"63";NULL;"2023-01-11 02:28:29"
"69";"13";"74";"010";"006";"0002";"39";"8";"1";"1";"1";"1";NULL;NULL;NULL;"49";"1";"1";NULL;NULL;NULL;NULL;"2022-11-14";"13740012K";"2023-01-11";"88";"2022-11-16";"2022-11-17";"0";"0000-00-00";"0000-00-00";"1";"45";NULL;"2023-01-11 02:28:52"
"70";"13";"74";"010";"006";"0003";"39";"8";"1";"1";"1";"1";NULL;NULL;NULL;"60";"1";"1";NULL;NULL;NULL;NULL;"2022-11-14";"13740045K";"2023-01-13";"90";"2023-01-14";"2023-01-14";"0";"0000-00-00";"0000-00-00";"0";"51";NULL;"2023-01-14 12:02:42"
"71";"13";"74";"010";"006";"0006";"39";"8";"1";"1";"1";"1";NULL;NULL;NULL;"39";"1";"1";NULL;NULL;NULL;NULL;"2022-11-14";"13740045K";"2023-01-13";"85";"2023-01-10";"2023-01-11";"0";"0000-00-00";"0000-00-00";"0";"36";NULL;"2023-01-13 03:02:37"
"72";"13";"74";"010";"006";"5001";"39";"8";"1";"0";"1";"1";NULL;NULL;NULL;NULL;"1";"1";NULL;NULL;NULL;NULL;"2022-11-14";"13740045K";"2023-01-13";"89";"2023-01-15";"2023-01-16";"0";"0000-00-00";"0000-00-00";"0";"0";NULL;"2023-01-16 07:34:39"
"73";"13";"74";"010";"004";"0018";"40";"9";"1";"1";"1";"1";NULL;NULL;NULL;"35";"1";"1";NULL;NULL;NULL;NULL;"2022-11-14";"13740009K";"2023-01-11";"88";"2022-11-17";"2022-11-18";"0";"0000-00-00";"0000-00-00";"1";"31";NULL;"2023-01-11 02:31:57"
"74";"13";"74";"010";"004";"0020";"40";"9";"1";"1";"1";"1";NULL;NULL;NULL;"57";"1";"1";NULL;NULL;NULL;NULL;"2022-11-14";"13740041K";"2023-01-13";"89";"2023-01-10";"2023-01-10";"0";"0000-00-00";"0000-00-00";"0";"51";NULL;"2023-01-13 03:04:00"
"75";"13";"74";"010";"005";"0002";"40";"9";"1";"1";"1";"1";NULL;NULL;NULL;"61";"1";"1";NULL;NULL;NULL;NULL;"2022-11-14";"13740010K";"2023-01-11";"83";"2022-11-20";"2022-11-21";"0";"0000-00-00";"0000-00-00";"1";"57";NULL;"2023-01-11 02:29:27"
"76";"13";"74";"010";"005";"0003";"40";"9";"1";"1";"1";"1";NULL;NULL;NULL;"56";"1";"1";NULL;NULL;NULL;NULL;"2022-11-14";"13740010K";"2023-01-11";"86";"2022-11-18";"2022-11-18";"0";"0000-00-00";"0000-00-00";"1";"54";NULL;"2023-01-11 02:29:45"
"77";"13";"74";"010";"005";"0007";"40";"9";"1";"1";"1";"1";NULL;NULL;NULL;"71";"1";"1";NULL;NULL;NULL;NULL;"2022-11-14";"13740043K";"2023-01-13";"88";"2023-01-14";"2023-01-14";"0";"0000-00-00";"0000-00-00";"0";"65";NULL;"2023-01-14 12:59:52"
"78";"13";"74";"010";"004";"0010";"41";"9";"1";"1";"1";"1";NULL;NULL;NULL;"46";"1";"1";NULL;NULL;NULL;NULL;"2022-11-14";"13740039K";"2023-01-13";"85";"2023-01-11";"2023-01-13";"0";"0000-00-00";"0000-00-00";"0";"43";NULL;"2023-01-13 04:09:07"
"79";"13";"74";"010";"004";"0011";"41";"9";"1";"1";"1";"1";NULL;NULL;NULL;"65";"1";"1";NULL;NULL;NULL;NULL;"2022-11-14";"13740008K";"2023-01-11";"90";"2022-11-17";"2022-11-18";"0";"0000-00-00";"0000-00-00";"1";"58";NULL;"2023-01-11 02:32:59"
"80";"13";"74";"010";"004";"0012";"41";"9";"1";"1";"1";"1";NULL;NULL;NULL;"101";"1";"1";NULL;NULL;NULL;NULL;"2022-11-14";"13740039K";"2023-01-13";"82";"2023-01-09";"2023-01-09";"0";"0000-00-00";"0000-00-00";"0";"97";NULL;"2023-01-13 03:06:45"
"81";"13";"74";"010";"004";"0025";"41";"9";"1";"1";"1";"1";NULL;NULL;NULL;"51";"1";"1";NULL;NULL;NULL;NULL;"2022-11-14";"13740042K";"2023-01-13";"90";"2023-01-11";"2023-01-12";"0";"0000-00-00";"0000-00-00";"0";"46";NULL;"2023-01-13 03:07:12"
"82";"13";"74";"010";"005";"0001";"42";"9";"1";"1";"1";"1";NULL;NULL;NULL;"98";"1";"1";NULL;NULL;NULL;NULL;"2022-11-14";"13740010K";"2023-01-11";"89";"2022-11-19";"2022-11-21";"0";"0000-00-00";"0000-00-00";"1";"95";NULL;"2023-01-11 02:30:30"
"83";"13";"74";"010";"005";"0004";"42";"9";"1";"1";"1";"1";NULL;NULL;NULL;"47";"1";"1";NULL;NULL;NULL;NULL;"2022-11-14";"13740010K";"2023-01-11";"87";"2022-11-16";"2022-11-17";"0";"0000-00-00";"0000-00-00";"1";"43";NULL;"2023-01-11 02:30:50"
"84";"13";"74";"010";"005";"0010";"42";"9";"1";"1";"1";"1";NULL;NULL;NULL;"60";"1";"1";NULL;NULL;NULL;NULL;"2022-11-14";"13740043K";"2023-01-13";"89";"2023-01-12";"2023-01-12";"0";"0000-00-00";"0000-00-00";"0";"55";NULL;"2023-01-13 03:08:13"
"85";"13";"74";"010";"005";"0014";"42";"9";"1";"1";"1";"1";NULL;NULL;NULL;"81";"1";"1";NULL;NULL;NULL;NULL;"2022-11-14";"13740044K";"2023-01-13";"89";"2022-11-30";"2022-12-01";"0";"0000-00-00";"0000-00-00";"0";"76";NULL;"2023-01-13 03:09:56"
"86";"13";"74";"010";"004";"0014";"43";"9";"1";"1";"1";"1";NULL;NULL;NULL;"49";"1";"1";NULL;NULL;NULL;NULL;"2022-11-14";"13740008K";"2023-01-11";"89";"2022-11-18";"2022-11-19";"0";"0000-00-00";"0000-00-00";"1";"47";NULL;"2023-01-11 02:33:36"
"87";"13";"74";"010";"004";"0015";"43";"9";"1";"1";"1";"1";NULL;NULL;NULL;"40";"1";"1";NULL;NULL;NULL;NULL;"2022-11-14";"13740040K";"2023-01-13";"89";"2023-01-10";"2023-01-10";"0";"0000-00-00";"0000-00-00";"0";"36";NULL;"2023-01-13 03:10:24"
"88";"13";"74";"010";"004";"0017";"43";"9";"1";"1";"1";"1";NULL;NULL;NULL;"46";"1";"1";NULL;NULL;NULL;NULL;"2022-11-14";"13740040K";"2023-01-13";"89";"2023-01-10";"2023-01-11";"0";"0000-00-00";"0000-00-00";"0";"39";NULL;"2023-01-13 03:10:47"
"89";"13";"74";"010";"004";"0022";"43";"9";"1";"1";"1";"1";NULL;NULL;NULL;"149";"1";"1";NULL;NULL;NULL;NULL;"2022-11-18";"13740041K";"2023-01-13";"89";"2023-01-05";"2023-01-09";"0";"0000-00-00";"0000-00-00";"0";"138";NULL;"2023-01-13 03:11:17"
"90";"13";"74";"020";"004";"0002";"44";"10";"2";"1";"1";"1";NULL;NULL;NULL;"57";"1";"1";NULL;NULL;NULL;NULL;"2022-11-17";"13740024K";"2023-01-11";"82";"2022-11-23";"2022-11-25";"0";"0000-00-00";"0000-00-00";"1";"52";NULL;"2023-01-11 02:12:32"
"91";"13";"74";"020";"005";"0006";"44";"10";"2";"1";"1";"1";NULL;NULL;NULL;"50";"1";"1";NULL;NULL;NULL;NULL;"2022-11-17";"13740056K";"2023-01-13";"82";"2023-01-04";"2023-01-04";"0";"0000-00-00";"0000-00-00";"0";"44";NULL;"2023-01-13 03:11:58"
"92";"13";"74";"020";"005";"0007";"44";"10";"2";"1";"1";"1";NULL;NULL;NULL;"64";"1";"1";NULL;NULL;NULL;NULL;"2022-11-17";"13740026K";"2023-01-11";"83";"2022-11-22";"2022-11-24";"0";"0000-00-00";"0000-00-00";"1";"59";NULL;"2023-01-11 02:17:32"
"93";"13";"74";"020";"005";"0008";"44";"10";"2";"1";"1";"1";NULL;NULL;NULL;"69";"1";"1";NULL;NULL;NULL;NULL;"2022-11-22";"13740056K";"2023-01-13";"85";"2023-01-05";"2023-01-06";"0";"0000-00-00";"0000-00-00";"0";"62";NULL;"2023-01-13 03:12:23"
"94";"13";"74";"020";"005";"0010";"44";"10";"2";"1";"1";"1";NULL;NULL;NULL;"69";"1";"1";NULL;NULL;NULL;NULL;"2022-11-17";"13740026K";"2023-01-11";"84";"2022-11-24";"2022-11-25";"0";"0000-00-00";"0000-00-00";"1";"58";NULL;"2023-01-11 02:41:37"
"95";"13";"74";"020";"004";"0004";"45";"10";"2";"1";"1";"1";NULL;NULL;NULL;"42";"1";"1";NULL;NULL;NULL;NULL;"2022-11-14";"13740024K";"2023-01-11";"82";"2022-11-17";"2022-11-18";"0";"0000-00-00";"0000-00-00";"1";"39";NULL;"2023-01-11 02:13:02"
"96";"13";"74";"020";"004";"0005";"45";"10";"2";"1";"1";"1";NULL;NULL;NULL;"55";"1";"1";NULL;NULL;NULL;NULL;"2022-11-14";"13740055K";"2023-01-13";"90";"2022-11-27";"2022-11-28";"0";"0000-00-00";"0000-00-00";"0";"48";NULL;"2023-01-13 03:12:58"
"97";"13";"74";"020";"004";"0006";"45";"10";"2";"1";"1";"1";NULL;NULL;NULL;"63";"1";"1";NULL;NULL;NULL;NULL;"2022-11-14";"13740055K";"2023-01-13";"84";"2022-11-26";"2022-11-27";"0";"0000-00-00";"0000-00-00";"0";"61";NULL;"2023-01-13 03:13:18"
"98";"13";"74";"020";"004";"0010";"45";"10";"2";"1";"1";"1";NULL;NULL;NULL;"51";"1";"1";NULL;NULL;NULL;NULL;"2022-11-14";"13740025K";"2023-01-11";"87";"2022-11-17";"2022-11-17";"0";"0000-00-00";"0000-00-00";"1";"48";NULL;"2023-01-11 02:14:36"
"99";"13";"74";"020";"004";"0012";"45";"10";"2";"1";"1";"1";NULL;NULL;NULL;"41";"1";"1";NULL;NULL;NULL;NULL;"2022-11-17";"13740055K";"2023-01-13";"85";"2022-11-28";"2022-11-28";"0";"0000-00-00";"0000-00-00";"0";"38";NULL;"2023-01-13 03:13:36"
"100";"13";"74";"020";"005";"0001";"46";"10";"2";"1";"1";"1";NULL;NULL;NULL;"56";"1";"1";NULL;NULL;NULL;NULL;"2022-11-14";"13740026K";"2023-01-11";"87";"2022-11-23";"2022-11-24";"0";"0000-00-00";"0000-00-00";"1";"48";NULL;"2023-01-11 02:17:51"
"101";"13";"74";"020";"005";"0002";"46";"10";"2";"1";"1";"1";NULL;NULL;NULL;"48";"1";"1";NULL;NULL;NULL;NULL;"2022-11-14";"13740026K";"2023-01-11";"84";"2022-11-23";"2022-11-24";"0";"0000-00-00";"0000-00-00";"1";"46";NULL;"2023-01-11 02:18:10"
"102";"13";"74";"020";"005";"0003";"46";"10";"2";"1";"1";"1";NULL;NULL;NULL;"59";"1";"1";NULL;NULL;NULL;NULL;"2022-11-17";"13740056K";"2023-01-13";"82";"2023-01-05";"2023-01-05";"0";"0000-00-00";"0000-00-00";"0";"54";NULL;"2023-01-13 03:13:52"
"103";"13";"74";"020";"005";"0004";"46";"10";"2";"1";"1";"1";NULL;NULL;NULL;"33";"1";"1";NULL;NULL;NULL;NULL;"2022-11-14";"13740026K";"2023-01-11";"83";"2022-11-16";"2022-11-17";"0";"0000-00-00";"0000-00-00";"1";"28";NULL;"2023-01-11 02:18:34"
"104";"13";"74";"020";"005";"0005";"46";"10";"2";"1";"1";"1";NULL;NULL;NULL;"45";"1";"1";NULL;NULL;NULL;NULL;"2022-11-17";"13740056K";"2023-01-13";"92";"2023-01-14";"2023-01-15";"0";"0000-00-00";"0000-00-00";"0";"38";NULL;"2023-01-15 04:56:46"
"105";"13";"74";"020";"005";"0009";"46";"10";"2";"1";"1";"1";NULL;NULL;NULL;"84";"1";"1";NULL;NULL;NULL;NULL;"2022-11-17";"13740056K";"2023-01-13";"88";"2023-01-05";"2023-01-06";"0";"0000-00-00";"0000-00-00";"0";"79";NULL;"2023-01-13 03:14:30"
"106";"13";"74";"020";"004";"0007";"47";"10";"2";"1";"1";"1";NULL;NULL;NULL;"50";"1";"1";NULL;NULL;NULL;NULL;"2022-11-17";"13740025K";"2023-01-11";"85";"2022-11-22";"2022-11-23";"0";"0000-00-00";"0000-00-00";"1";"48";NULL;"2023-01-11 02:15:22"
"107";"13";"74";"020";"004";"0008";"47";"10";"2";"1";"1";"1";NULL;NULL;NULL;"74";"1";"1";NULL;NULL;NULL;NULL;"2022-11-14";"13740055K";"2023-01-13";"85";"2022-11-27";"2022-11-28";"0";"0000-00-00";"0000-00-00";"0";"66";NULL;"2023-01-13 03:14:48"
"108";"13";"74";"020";"004";"0009";"47";"10";"2";"1";"1";"1";NULL;NULL;NULL;"38";"1";"1";NULL;NULL;NULL;NULL;"2022-11-17";"13740055K";"2023-01-13";"82";"2022-11-18";"2022-11-19";"0";"0000-00-00";"0000-00-00";"0";"33";NULL;"2023-01-13 03:15:06"
"109";"13";"74";"020";"004";"0011";"47";"10";"2";"1";"1";"1";NULL;NULL;NULL;"61";"1";"1";NULL;NULL;NULL;NULL;"2022-11-14";"13740055K";"2023-01-13";"85";"2022-11-26";"2022-11-27";"0";"0000-00-00";"0000-00-00";"0";"53";NULL;"2023-01-13 03:15:18"
"110";"13";"74";"020";"004";"0013";"47";"10";"2";"1";"1";"1";NULL;NULL;NULL;"82";"1";"1";NULL;NULL;NULL;NULL;"2022-11-14";"13740025K";"2023-01-11";"83";"2022-11-17";"2022-11-20";"0";"0000-00-00";"0000-00-00";"1";"73";NULL;"2023-01-11 02:15:51"
"111";"13";"74";"020";"001";"0003";"48";"11";"2";"1";"1";"1";NULL;NULL;NULL;"100";"1";"1";NULL;NULL;NULL;NULL;"2022-11-14";"13740018K";"2023-01-11";"91";"2022-11-23";"2022-11-25";"0";"0000-00-00";"0000-00-00";"1";"91";NULL;"2023-01-11 02:20:56"
"112";"13";"74";"020";"001";"0012";"48";"11";"2";"1";"1";"1";NULL;NULL;NULL;"76";"1";"1";NULL;NULL;NULL;NULL;"2022-11-14";"13740020K";"2023-01-11";"91";"2022-11-17";"2022-11-18";"0";"0000-00-00";"0000-00-00";"1";"72";NULL;"2023-01-11 02:21:29"
"113";"13";"74";"020";"001";"0019";"48";"11";"2";"1";"1";"1";NULL;NULL;NULL;"66";"1";"1";NULL;NULL;NULL;NULL;"2022-11-14";"13740051K";"2023-01-13";"82";"2023-01-10";"2023-01-11";"0";"0000-00-00";"0000-00-00";"0";"63";NULL;"2023-01-13 03:15:41"
"114";"13";"74";"020";"001";"0001";"49";"11";"2";"1";"1";"1";NULL;NULL;NULL;"67";"1";"1";NULL;NULL;NULL;NULL;"2022-11-14";"13740018K";"2023-01-11";"86";"2022-11-23";"2022-11-24";"0";"0000-00-00";"0000-00-00";"1";"59";NULL;"2023-01-11 02:21:58"
"115";"13";"74";"020";"001";"0008";"49";"11";"2";"1";"1";"1";NULL;NULL;NULL;"99";"1";"1";NULL;NULL;NULL;NULL;"2022-11-14";"13740050K";"2023-01-13";"92";"2023-01-06";"2023-01-09";"0";"0000-00-00";"0000-00-00";"0";"92";NULL;"2023-01-13 03:16:00"
"116";"13";"74";"020";"001";"0010";"49";"11";"2";"1";"1";"1";NULL;NULL;NULL;"64";"1";"1";NULL;NULL;NULL;NULL;"2022-11-14";"13740050K";"2023-01-13";"92";"2023-01-12";"2023-01-13";"0";"0000-00-00";"0000-00-00";"0";"57";NULL;"2023-01-13 03:57:21"
"117";"13";"74";"020";"001";"0017";"49";"11";"2";"1";"1";"1";NULL;NULL;NULL;"72";"1";"1";NULL;NULL;NULL;NULL;"2022-11-14";"13740051K";"2023-01-13";"90";"2023-01-10";"2023-01-10";"0";"0000-00-00";"0000-00-00";"0";"68";NULL;"2023-01-13 03:16:39"
"118";"13";"74";"020";"001";"0006";"50";"11";"2";"1";"1";"1";NULL;NULL;NULL;"88";"1";"1";NULL;NULL;NULL;NULL;"2022-11-14";"13740019K";"2023-01-11";"83";"2022-11-24";"2022-11-26";"0";"0000-00-00";"0000-00-00";"1";"79";NULL;"2023-01-11 02:22:35"
"119";"13";"74";"020";"002";"0001";"50";"11";"2";"1";"1";"1";NULL;NULL;NULL;"94";"1";"1";NULL;NULL;NULL;NULL;"2022-11-14";"13740021K";"2023-01-11";"93";"2022-11-15";"2022-11-17";"0";"0000-00-00";"0000-00-00";"1";"84";NULL;"2023-01-11 02:19:48"
"120";"13";"74";"020";"002";"0002";"50";"11";"2";"1";"1";"1";NULL;NULL;NULL;"113";"1";"1";NULL;NULL;NULL;NULL;"2022-11-14";"13740021K";"2023-01-11";"91";"2022-11-15";"2022-11-16";"0";"0000-00-00";"0000-00-00";"1";"108";NULL;"2023-01-11 02:20:07"
"121";"13";"74";"020";"001";"0004";"51";"11";"2";"1";"1";"1";NULL;NULL;NULL;"101";"1";"1";NULL;NULL;NULL;NULL;"2022-11-14";"13740018K";"2023-01-11";"92";"2022-11-22";"2022-11-24";"0";"0000-00-00";"0000-00-00";"1";"93";NULL;"2023-01-11 02:23:03"
"122";"13";"74";"020";"001";"0005";"51";"11";"2";"1";"1";"1";NULL;NULL;NULL;"81";"1";"1";NULL;NULL;NULL;NULL;"2022-11-14";"13740019K";"2023-01-11";"86";"2022-11-22";"2022-11-23";"0";"0000-00-00";"0000-00-00";"1";"77";NULL;"2023-01-11 02:23:39"
"123";"13";"74";"020";"001";"0014";"51";"11";"2";"1";"1";"1";NULL;NULL;NULL;"54";"1";"1";NULL;NULL;NULL;NULL;"2022-11-14";"13740051K";"2023-01-13";"85";"2023-01-13";"2023-01-13";"0";"0000-00-00";"0000-00-00";"0";"49";NULL;"2023-01-13 10:19:09"
"124";"13";"74";"020";"001";"0015";"51";"11";"2";"1";"1";"1";NULL;NULL;NULL;"64";"1";"1";NULL;NULL;NULL;NULL;"2022-11-14";"13740020K";"2023-01-11";"83";"2022-11-24";"2022-11-24";"0";"0000-00-00";"0000-00-00";"1";"61";NULL;"2023-01-11 02:24:16"
"125";"13";"74";"010";"003";"0016";"52";"12";"2";"1";"1";"1";NULL;NULL;NULL;"58";"1";"1";NULL;NULL;NULL;NULL;"2022-11-14";"13740006K";"2023-01-11";"84";"2022-11-22";"2022-11-23";"0";"0000-00-00";"0000-00-00";"1";"55";NULL;"2023-01-11 01:52:32"
"126";"13";"74";"010";"003";"0014";"52";"12";"2";"1";"1";"1";NULL;NULL;NULL;"66";"1";"1";NULL;NULL;NULL;NULL;"2022-11-14";"13740038K";"2023-01-13";"92";"2023-01-03";"2023-01-04";"0";"0000-00-00";"0000-00-00";"0";"59";NULL;"2023-01-13 03:04:33"
"127";"13";"74";"010";"003";"0001";"52";"12";"2";"1";"1";"1";NULL;NULL;NULL;"43";"1";"1";NULL;NULL;NULL;NULL;"2022-11-14";"13740005K";"2023-01-11";"82";"2022-11-18";"2022-11-18";"0";"0000-00-00";"0000-00-00";"1";"38";NULL;"2023-01-11 01:43:40"
"128";"13";"74";"010";"003";"0015";"52";"12";"2";"1";"1";"1";NULL;NULL;NULL;"79";"1";"1";NULL;NULL;NULL;NULL;"2022-11-14";"13740038K";"2023-01-13";"85";"2023-01-03";"2023-01-04";"0";"0000-00-00";"0000-00-00";"0";"71";NULL;"2023-01-13 03:04:52"
"129";"13";"74";"010";"003";"0010";"53";"12";"2";"1";"1";"1";NULL;NULL;NULL;"75";"1";"1";NULL;NULL;NULL;NULL;"2022-11-14";"13740037K";"2023-01-13";"89";"2023-01-03";"2023-01-04";"0";"0000-00-00";"0000-00-00";"0";"71";NULL;"2023-01-13 03:05:12"
"130";"13";"74";"010";"003";"0011";"53";"12";"2";"1";"1";"1";NULL;NULL;NULL;"57";"1";"1";NULL;NULL;NULL;NULL;"2022-11-14";"13740038K";"2023-01-13";"82";"2023-01-03";"2023-01-04";"0";"0000-00-00";"0000-00-00";"0";"53";NULL;"2023-01-13 03:05:29"
"131";"13";"74";"010";"003";"0013";"53";"12";"2";"1";"1";"1";NULL;NULL;NULL;"53";"1";"1";NULL;NULL;NULL;NULL;"2022-11-14";"13740006K";"2023-01-11";"89";"2022-11-22";"2022-11-23";"0";"0000-00-00";"0000-00-00";"1";"49";NULL;"2023-01-11 01:52:13"
"132";"13";"74";"010";"003";"0006";"53";"12";"2";"1";"1";"1";NULL;NULL;NULL;"75";"1";"1";NULL;NULL;NULL;NULL;"2022-11-14";"13740005K";"2023-01-11";"90";"2022-11-16";"2022-11-17";"0";"0000-00-00";"0000-00-00";"1";"69";NULL;"2023-01-11 01:44:23"
"133";"13";"74";"010";"003";"0005";"54";"12";"2";"1";"1";"1";NULL;NULL;NULL;"32";"1";"1";NULL;NULL;NULL;NULL;"2022-11-14";"13740037K";"2023-01-13";"86";"2022-11-30";"2022-11-30";"0";"0000-00-00";"0000-00-00";"0";"30";NULL;"2023-01-13 03:05:46"
"134";"13";"74";"010";"003";"0017";"54";"12";"2";"1";"1";"1";NULL;NULL;NULL;"52";"1";"1";NULL;NULL;NULL;NULL;"2022-11-14";"13740006K";"2023-01-11";"84";"2022-11-21";"2022-11-22";"0";"0000-00-00";"0000-00-00";"1";"46";NULL;"2023-01-11 01:52:46"
"135";"13";"74";"010";"003";"0007";"54";"12";"2";NULL;NULL;NULL;NULL;NULL;NULL;"51";"1";"1";NULL;NULL;NULL;NULL;"2022-11-14";"13740037K";"2023-01-13";"89";"2023-01-14";"2023-01-15";"0";"0000-00-00";"0000-00-00";"0";"47";NULL;"2023-01-15 02:20:28"
"136";"13";"74";"010";"003";"0009";"54";"12";"2";"1";"1";"1";NULL;NULL;NULL;"60";"1";"1";NULL;NULL;NULL;NULL;"2022-11-14";"13740006K";"2023-01-11";"87";"2022-11-21";"2022-11-21";"0";"0000-00-00";"0000-00-00";"1";"58";NULL;"2023-01-11 01:51:39"
"137";"13";"74";"010";"003";"0012";"54";"12";"2";"1";"1";"1";NULL;NULL;NULL;"60";"1";"1";NULL;NULL;NULL;NULL;"2022-11-14";"13740006K";"2023-01-11";"85";"2022-11-21";"2022-11-22";"0";"0000-00-00";"0000-00-00";"1";"55";NULL;"2023-01-11 01:51:59"
"138";"13";"74";"010";"003";"0004";"55";"12";"2";"1";"1";"1";NULL;NULL;NULL;"93";"1";"1";NULL;NULL;NULL;NULL;"2022-11-14";"13740037K";"2023-01-13";"90";"2023-01-03";"2023-01-04";"0";"0000-00-00";"0000-00-00";"0";"79";NULL;"2023-01-13 03:06:40"
"139";"13";"74";"010";"003";"0003";"55";"12";"2";"1";"1";"1";NULL;NULL;NULL;"75";"1";"1";NULL;NULL;NULL;NULL;"2022-11-14";"13740005K";"2023-01-11";"90";"2022-11-23";"2022-11-24";"0";"0000-00-00";"0000-00-00";"1";"70";NULL;"2023-01-11 01:44:36"
"140";"13";"74";"010";"003";"0008";"55";"12";"2";"1";"1";"1";NULL;NULL;NULL;"74";"1";"1";NULL;NULL;NULL;NULL;"2022-11-14";"13740037K";"2023-01-13";"88";"2023-01-03";"2023-01-04";"0";"0000-00-00";"0000-00-00";"0";"63";NULL;"2023-01-13 03:06:53"
"141";"13";"74";"010";"002";"0002";"56";"13";"2";"1";"1";NULL;NULL;NULL;NULL;"53";"1";"1";NULL;NULL;NULL;NULL;"2022-11-15";"13740004K";"2023-01-11";"84";"2022-11-17";"2022-11-18";"0";"0000-00-00";"0000-00-00";"1";"49";NULL;"2023-01-11 01:46:42"
"142";"13";"74";"010";"002";"0007";"56";"13";"2";"1";"1";"1";NULL;NULL;NULL;"79";"1";"1";NULL;NULL;NULL;NULL;"2022-11-17";"13740004K";"2023-01-11";"84";"2022-11-18";"2022-11-21";"0";"0000-00-00";"0000-00-00";"1";"69";NULL;"2023-01-11 01:46:59"
"143";"13";"74";"010";"002";"0008";"56";"13";"2";"1";"1";"1";NULL;NULL;NULL;"57";"1";"1";NULL;NULL;NULL;NULL;"2022-11-15";"13740036K";"2023-01-13";"82";"2023-01-12";"2023-01-12";"0";"0000-00-00";"0000-00-00";"0";"55";NULL;"2023-01-13 03:07:08"
"144";"13";"74";"010";"002";"0011";"56";"13";"2";"1";"1";"1";NULL;NULL;NULL;"63";"1";"1";NULL;NULL;NULL;NULL;"2022-11-22";"13740036K";"2023-01-13";"85";"2023-01-11";"2023-01-11";"0";"0000-00-00";"0000-00-00";"0";"57";NULL;"2023-01-13 03:07:20"
"145";"13";"74";"010";"003";"0018";"57";"13";"2";"1";"1";"1";NULL;NULL;NULL;"49";"1";"1";NULL;NULL;NULL;NULL;"2022-11-15";"13740038K";"2023-01-13";"88";"2023-01-15";"2023-01-16";"0";"0000-00-00";"0000-00-00";"0";"45";NULL;"2023-01-16 06:56:42"
"146";"13";"74";"010";"003";"0002";"57";"13";"2";"1";"1";"1";NULL;NULL;NULL;"53";"1";"1";NULL;NULL;NULL;NULL;"2022-11-15";"13740005K";"2023-01-11";"86";"2022-11-22";"2022-11-22";"0";"0000-00-00";"0000-00-00";"1";"47";NULL;"2023-01-11 02:20:29"
"147";"13";"74";"010";"002";"0010";"57";"13";"2";"1";"1";"1";NULL;NULL;NULL;"39";"1";"1";NULL;NULL;NULL;NULL;"2022-11-15";"13740004K";"2023-01-11";"85";"2022-11-15";"2022-11-16";"0";"0000-00-00";"0000-00-00";"1";"37";NULL;"2023-01-11 01:47:20"
"148";"13";"74";"010";"006";"0004";"58";"13";"2";"1";"1";"1";NULL;NULL;NULL;"60";"1";"1";NULL;NULL;NULL;NULL;"2022-11-15";"13740045K";"2023-01-13";"82";"2023-01-14";"2023-01-16";"0";"0000-00-00";"0000-00-00";"0";"54";NULL;"2023-01-16 07:12:39"
"149";"13";"74";"010";"006";"0005";"58";"13";"2";"1";"1";"1";NULL;NULL;NULL;"41";"1";"1";NULL;NULL;NULL;NULL;"2022-11-15";"13740012K";"2023-01-11";"83";"2022-11-15";"2022-11-16";"0";"0000-00-00";"0000-00-00";"1";"38";NULL;"2023-01-11 01:53:44"
"150";"13";"74";"010";"008";"0006";"58";"13";"2";"1";"1";"1";NULL;NULL;NULL;"47";"1";"1";NULL;NULL;NULL;NULL;"2022-11-15";"13740016K";"2023-01-11";"85";"2022-11-16";"2022-11-17";"0";"0000-00-00";"0000-00-00";"1";"42";NULL;"2023-01-11 01:55:52"
"151";"13";"74";"010";"008";"0023";"58";"13";"2";"1";"1";"1";NULL;NULL;NULL;"97";"1";"1";NULL;NULL;NULL;NULL;"2022-11-15";"13740017K";"2023-01-11";"85";"2022-11-17";"2022-11-18";"0";"0000-00-00";"0000-00-00";"1";"89";NULL;"2023-01-11 01:57:30"
"152";"13";"74";"010";"008";"0001";"59";"14";"2";"1";"1";"1";NULL;NULL;NULL;"77";"1";"1";NULL;NULL;NULL;NULL;"2022-11-14";"13740015K";"2023-01-11";"90";"2022-11-15";"2022-11-16";"0";"0000-00-00";"0000-00-00";"1";"73";NULL;"2023-01-11 01:54:30"
"153";"13";"74";"010";"008";"0002";"59";"14";"2";"1";"1";"1";NULL;NULL;NULL;"57";"1";"1";NULL;NULL;NULL;NULL;"2022-11-14";"13740015K";"2023-01-11";"88";"2022-11-15";"2022-11-16";"0";"0000-00-00";"0000-00-00";"1";"55";NULL;"2023-01-11 01:54:50"
"154";"13";"74";"010";"008";"0003";"59";"14";"2";"1";"1";"1";NULL;NULL;NULL;"69";"1";"1";NULL;NULL;NULL;NULL;"2022-11-14";"13740015K";"2023-01-11";"82";"2022-11-15";"2022-11-16";"0";"0000-00-00";"0000-00-00";"1";"64";NULL;"2023-01-11 01:55:02"
"155";"13";"74";"010";"008";"0004";"59";"14";"2";"1";"1";"1";NULL;NULL;NULL;"81";"1";"1";NULL;NULL;NULL;NULL;"2022-11-16";"13740015K";"2023-01-11";"87";"2022-11-17";"2022-11-18";"0";"0000-00-00";"0000-00-00";"1";"72";NULL;"2023-01-11 01:55:14"
"156";"13";"74";"010";"008";"0005";"59";"14";"2";"1";"1";"1";NULL;NULL;NULL;"87";"1";"1";NULL;NULL;NULL;NULL;"2022-11-16";"13740016K";"2023-01-11";"86";"2022-11-16";"2022-11-17";"0";"0000-00-00";"0000-00-00";"1";"81";NULL;"2023-01-11 01:55:37"
"157";"13";"74";"010";"008";"0007";"60";"14";"2";"1";"1";"1";NULL;NULL;NULL;"73";"1";"1";NULL;NULL;NULL;NULL;"2022-11-16";"13740047K";"2023-01-13";"88";"2023-01-06";"2023-01-09";"0";"0000-00-00";"0000-00-00";"0";"68";NULL;"2023-01-13 03:08:18"
"158";"13";"74";"010";"008";"0008";"60";"14";"2";"1";"1";"1";NULL;NULL;NULL;"53";"1";"1";NULL;NULL;NULL;NULL;"2022-11-16";"13740047K";"2023-01-13";"90";"2023-01-05";"2023-01-05";"0";"0000-00-00";"0000-00-00";"0";"50";NULL;"2023-01-13 03:08:31"
"159";"13";"74";"010";"008";"0011";"60";"14";"2";"1";"1";"1";NULL;NULL;NULL;"34";"1";"1";NULL;NULL;NULL;NULL;"2022-11-16";"13740047K";"2023-01-13";"82";"2023-01-05";"2023-01-06";"0";"0000-00-00";"0000-00-00";"0";"33";NULL;"2023-01-13 03:08:48"
"160";"13";"74";"010";"008";"0012";"60";"14";"2";"1";"1";"1";NULL;NULL;NULL;"37";"1";"1";NULL;NULL;NULL;NULL;"2022-11-16";"13740048K";"2023-01-13";"89";"2023-01-11";"2023-01-12";"0";"0000-00-00";"0000-00-00";"0";"33";NULL;"2023-01-13 03:09:01"
"161";"13";"74";"010";"008";"0013";"60";"14";"2";"1";"1";"1";NULL;NULL;NULL;"76";"1";"1";NULL;NULL;NULL;NULL;"2022-11-14";"13740016K";"2023-01-11";"84";"2022-11-15";"2022-11-17";"0";"0000-00-00";"0000-00-00";"1";"71";NULL;"2023-01-11 01:56:38"
"162";"13";"74";"010";"008";"0014";"61";"14";"2";"1";"1";"1";NULL;NULL;NULL;"68";"1";"1";NULL;NULL;NULL;NULL;"2022-11-15";"13740048K";"2023-01-13";"89";"2023-01-09";"2023-01-09";"0";"0000-00-00";"0000-00-00";"0";"61";NULL;"2023-01-13 03:09:18"
"163";"13";"74";"010";"008";"0015";"61";"14";"2";"1";"1";"1";NULL;NULL;NULL;"60";"1";"1";NULL;NULL;NULL;NULL;"2022-11-15";"13740048K";"2023-01-13";"82";"2022-12-01";"2022-12-02";"0";"0000-00-00";"0000-00-00";"0";"54";NULL;"2023-01-13 03:09:29"
"164";"13";"74";"010";"008";"0018";"61";"14";"2";"1";"1";"1";NULL;NULL;NULL;"48";"1";"1";NULL;NULL;NULL;NULL;"2022-11-15";"13740049K";"2023-01-13";"89";"2023-01-04";"2023-01-05";"0";"0000-00-00";"0000-00-00";"0";"45";NULL;"2023-01-13 03:09:42"
"165";"13";"74";"010";"008";"0024";"61";"14";"2";"1";"1";"1";NULL;NULL;NULL;"74";"1";"1";NULL;NULL;NULL;NULL;"2022-11-15";"13740049K";"2023-01-13";"92";"2023-01-15";"2023-01-16";"0";"0000-00-00";"0000-00-00";"0";"66";NULL;"2023-01-16 05:05:36"
"166";"13";"74";"010";"008";"0009";"62";"14";"2";"1";"1";"1";NULL;NULL;NULL;"74";"1";"1";NULL;NULL;NULL;NULL;"2022-11-14";"13740016K";"2023-01-11";"86";"2022-11-15";"2022-11-16";"0";"0000-00-00";"0000-00-00";"1";"68";NULL;"2023-01-11 01:56:19"
"167";"13";"74";"010";"008";"0010";"62";"14";"2";"1";"1";"1";NULL;NULL;NULL;"84";"1";"1";NULL;NULL;NULL;NULL;"2022-11-14";"13740047K";"2023-01-13";"90";"2023-01-05";"2023-01-09";"0";"0000-00-00";"0000-00-00";"0";"76";NULL;"2023-01-13 03:10:11"
"168";"13";"74";"010";"008";"0016";"62";"14";"2";"1";"1";"1";NULL;NULL;NULL;"70";"1";"1";NULL;NULL;NULL;NULL;"2022-11-14";"13740016K";"2023-01-11";"85";"2022-11-18";"2022-11-19";"0";"0000-00-00";"0000-00-00";"1";"66";NULL;"2023-01-11 01:56:54"
"169";"13";"74";"010";"008";"0022";"62";"14";"2";"1";"1";"1";NULL;NULL;NULL;"104";"1";"1";NULL;NULL;NULL;NULL;"2022-11-14";"13740017K";"2023-01-11";"90";"2022-11-18";"2022-11-19";"0";"0000-00-00";"0000-00-00";"1";"96";NULL;"2023-01-11 02:23:42"
"170";"13";"74";"010";"001";"0018";"63";"15";"3";"1";"1";"1";NULL;NULL;NULL;"59";"1";"1";NULL;NULL;NULL;NULL;"2022-11-25";"13740034K";"2023-01-13";"89";"2023-01-12";"2023-01-13";"0";"0000-00-00";"0000-00-00";"0";"52";NULL;"2023-01-13 09:07:28"
"171";"13";"74";"010";"001";"0019";"63";"15";"3";"1";"1";"1";NULL;NULL;NULL;"66";"1";"1";NULL;NULL;NULL;NULL;"2022-11-14";"13740003K";"2023-01-11";"82";"2022-11-16";"2022-11-17";"0";"0000-00-00";"0000-00-00";"1";"60";NULL;"2023-01-11 01:51:06"
"172";"13";"74";"010";"001";"0020";"63";"15";"3";"1";"1";"1";NULL;NULL;NULL;"65";"1";"1";NULL;NULL;NULL;NULL;"2022-11-14";"13740035K";"2023-01-13";"85";"2023-01-15";"2023-01-16";"0";"0000-00-00";"0000-00-00";"0";"55";NULL;"2023-01-16 05:52:32"
"173";"13";"74";"010";"002";"0004";"63";"15";"3";"1";"1";"1";NULL;NULL;NULL;"77";"1";"1";NULL;NULL;NULL;NULL;"2022-11-25";"13740004K";"2023-01-11";"84";"2022-11-25";"2022-11-26";"0";"0000-00-00";"0000-00-00";"1";"73";NULL;"2023-01-11 01:47:34"
"174";"13";"74";"010";"001";"0002";"64";"15";"3";"1";"1";"1";NULL;NULL;NULL;"55";"1";"1";NULL;NULL;NULL;NULL;"2022-11-25";"13740001K";"2023-01-11";"88";"2022-11-25";"2022-11-26";"0";"0000-00-00";"0000-00-00";"1";"49";NULL;"2023-01-11 01:45:21"
"175";"13";"74";"010";"001";"0006";"64";"15";"3";"1";"1";"1";NULL;NULL;NULL;"127";"1";"1";NULL;NULL;NULL;NULL;"2022-11-19";"13740002K";"2023-01-11";"90";"2022-11-21";"2022-11-23";"0";"0000-00-00";"0000-00-00";"1";"117";NULL;"2023-01-11 01:48:37"
"176";"13";"74";"010";"001";"0009";"64";"15";"3";"1";"1";"1";NULL;NULL;NULL;"108";"1";"1";NULL;NULL;NULL;NULL;"2022-11-19";"13740002K";"2023-01-11";"86";"2022-11-21";"2022-11-22";"0";"0000-00-00";"0000-00-00";"1";"99";NULL;"2023-01-11 01:49:02"
"177";"13";"74";"010";"001";"0001";"65";"15";"3";"1";"1";"1";NULL;NULL;NULL;"130";"1";"1";NULL;NULL;NULL;NULL;"2022-11-25";"13740001K";"2023-01-11";"83";"2022-11-26";"2022-11-28";"0";"0000-00-00";"0000-00-00";"1";"118";NULL;"2023-01-11 01:45:40"
"178";"13";"74";"010";"001";"0003";"65";"15";"3";"1";"1";"1";NULL;NULL;NULL;"92";"1";"1";NULL;NULL;NULL;NULL;"2022-11-25";"13740001K";"2023-01-11";"86";"2022-11-25";"2022-11-28";"0";"0000-00-00";"0000-00-00";"1";"82";NULL;"2023-01-11 01:45:54"
"179";"13";"74";"010";"001";"0005";"65";"15";"3";"1";"1";"1";NULL;NULL;NULL;"96";"1";"1";NULL;NULL;NULL;NULL;"2022-11-25";"13740002K";"2023-01-11";"89";"2022-11-25";"2022-11-26";"0";"0000-00-00";"0000-00-00";"1";"85";NULL;"2023-01-11 01:49:38"
"180";"13";"74";"010";"001";"0014";"66";"15";"3";"1";"1";"1";NULL;NULL;NULL;"101";"1";"1";NULL;NULL;NULL;NULL;"2022-11-14";"13740034K";"2023-01-13";"82";"2023-01-11";"2023-01-12";"0";"0000-00-00";"0000-00-00";"0";"92";NULL;"2023-01-13 03:10:59"
"181";"13";"74";"010";"001";"0021";"66";"15";"3";"1";"1";"1";NULL;NULL;NULL;"64";"1";"1";NULL;NULL;NULL;NULL;"2022-11-25";"13740035K";"2023-01-13";"89";"2023-01-15";"2023-01-16";"0";"0000-00-00";"0000-00-00";"0";"57";NULL;"2023-01-16 07:34:48"
"182";"13";"74";"010";"002";"0001";"66";"15";"3";"1";"1";"1";NULL;NULL;NULL;"41";"1";"1";NULL;NULL;NULL;NULL;"2022-11-14";"13740004K";"2023-01-11";"87";"2022-11-15";"2022-11-16";"0";"0000-00-00";"0000-00-00";"1";"39";NULL;"2023-01-11 01:47:53"
"183";"13";"74";"020";"007";"0007";"67";"16";"3";"1";"1";"1";NULL;NULL;NULL;"77";"1";"1";NULL;NULL;NULL;NULL;"2022-11-14";"13740030K";"2023-01-11";"88";"2022-11-24";"2022-11-25";"0";"0000-00-00";"0000-00-00";"1";"74";NULL;"2023-01-11 02:03:36"
"184";"13";"74";"020";"007";"0016";"67";"16";"3";"1";"1";"1";NULL;NULL;NULL;"69";"1";"1";NULL;NULL;NULL;NULL;"2022-11-14";"13740060K";"2023-01-13";"92";"2022-11-29";"2022-11-30";"0";"0000-00-00";"0000-00-00";"0";"62";NULL;"2023-01-13 03:05:59"
"185";"13";"74";"020";"007";"0020";"67";"16";"3";"1";"1";"1";NULL;NULL;NULL;"54";"1";"1";NULL;NULL;NULL;NULL;"2022-11-14";"13740031K";"2023-01-11";"93";"2022-11-18";"2022-11-19";"0";"0000-00-00";"0000-00-00";"1";"52";NULL;"2023-01-11 02:02:10"
"186";"13";"74";"020";"007";"0012";"67";"16";"3";"1";"1";"1";NULL;NULL;NULL;"56";"1";"1";NULL;NULL;NULL;NULL;"2022-11-14";"13740060K";"2023-01-13";"90";"2022-11-28";"2022-11-29";"0";"0000-00-00";"0000-00-00";"0";"50";NULL;"2023-01-13 03:06:26"
"187";"13";"74";"020";"007";"0021";"67";"16";"3";"1";"1";"1";NULL;NULL;NULL;"148";"1";"1";NULL;NULL;NULL;NULL;"2022-11-14";"13740061K";"2023-01-13";"82";"2022-11-27";"2022-11-29";"0";"0000-00-00";"0000-00-00";"0";"139";NULL;"2023-01-13 03:10:01"
"188";"13";"74";"020";"008";"0001";"68";"16";"3";"1";"1";"1";NULL;NULL;NULL;"71";"1";"1";NULL;NULL;NULL;NULL;"2022-11-14";"13740032K";"2023-01-11";"88";"2022-11-19";"2022-11-20";"0";"0000-00-00";"0000-00-00";"1";"70";NULL;"2023-01-11 02:00:34"
"189";"13";"74";"020";"008";"0002";"68";"16";"3";"1";"1";"1";NULL;NULL;NULL;"137";"1";"1";NULL;NULL;NULL;NULL;"2022-11-14";"13740062K";"2023-01-13";"88";"2022-11-28";"2022-11-29";"0";"0000-00-00";"0000-00-00";"0";"122";NULL;"2023-01-13 03:12:48"
"190";"13";"74";"020";"008";"0006";"68";"16";"3";"1";"1";"1";NULL;NULL;NULL;"66";"1";"1";NULL;NULL;NULL;NULL;"2022-11-14";"13740062K";"2023-01-13";"87";"2022-11-28";"2022-11-28";"0";"0000-00-00";"0000-00-00";"0";"58";NULL;"2023-01-13 03:13:38"
"191";"13";"74";"020";"008";"0007";"68";"16";"3";"1";"1";"1";NULL;NULL;NULL;"27";"1";"1";NULL;NULL;NULL;NULL;"2022-11-14";"13740032K";"2023-01-11";"88";"2022-11-18";"2022-11-19";"0";"0000-00-00";"0000-00-00";"1";"26";NULL;"2023-01-11 02:01:14"
"192";"13";"74";"020";"008";"0008";"68";"16";"3";"1";"1";"1";NULL;NULL;NULL;"23";"1";"1";NULL;NULL;NULL;NULL;"2022-11-14";"13740063K";"2023-01-13";"87";"2022-11-28";"2022-11-29";"0";"0000-00-00";"0000-00-00";"0";"22";NULL;"2023-01-13 03:11:56"
"193";"13";"74";"010";"008";"0017";"69";"16";"3";"1";"1";"1";NULL;NULL;NULL;"67";"1";"1";NULL;NULL;NULL;NULL;"2022-11-14";"13740048K";"2023-01-13";"84";"2022-12-09";"2022-12-09";"0";"0000-00-00";"0000-00-00";"0";"60";NULL;"2023-01-13 03:15:16"
"194";"13";"74";"020";"008";"0003";"69";"16";"3";"1";"1";"1";NULL;NULL;NULL;"89";"1";"1";NULL;NULL;NULL;NULL;"2022-11-14";"13740062K";"2023-01-13";"84";"2022-11-27";"2022-11-28";"0";"0000-00-00";"0000-00-00";"0";"82";NULL;"2023-01-13 03:13:06"
"195";"13";"74";"020";"008";"0004";"69";"16";"3";"1";"1";"1";NULL;NULL;NULL;"41";"1";"1";NULL;NULL;NULL;NULL;"2022-11-14";"13740032K";"2023-01-11";"92";"2022-11-18";"2022-11-18";"0";"0000-00-00";"0000-00-00";"1";"41";NULL;"2023-01-11 02:01:00"
"196";"13";"74";"020";"008";"0005";"69";"16";"3";"1";"1";"1";NULL;NULL;NULL;"51";"1";"1";NULL;NULL;NULL;NULL;"2022-11-14";"13740062K";"2023-01-13";"84";"2022-11-28";"2022-11-29";"0";"0000-00-00";"0000-00-00";"0";"49";NULL;"2023-01-13 03:13:20"
"197";"13";"74";"020";"007";"0009";"70";"16";"3";"1";"1";"1";NULL;NULL;NULL;"137";"1";"1";NULL;NULL;NULL;NULL;"2022-11-14";"13740059K";"2023-01-13";"91";"2022-11-29";"2022-11-29";"0";"0000-00-00";"0000-00-00";"0";"126";NULL;"2023-01-13 03:08:54"
"198";"13";"74";"020";"007";"0013";"70";"16";"3";"1";"1";"1";NULL;NULL;NULL;"110";"1";"1";NULL;NULL;NULL;NULL;"2022-11-14";"13740060K";"2023-01-13";"82";"2022-11-27";"2022-12-01";"0";"0000-00-00";"0000-00-00";"0";"100";NULL;"2023-01-13 03:06:57"
"199";"13";"74";"020";"007";"0019";"70";"16";"3";"1";"1";"1";NULL;NULL;NULL;"110";"1";"1";NULL;NULL;NULL;NULL;"2022-11-14";"13740061K";"2023-01-13";"92";"2022-11-27";"2022-11-29";"0";"0000-00-00";"0000-00-00";"0";"105";NULL;"2023-01-13 03:09:39"
"200";"13";"74";"010";"005";"0009";"71";"17";"3";"1";"1";"1";NULL;NULL;NULL;"64";"1";"1";NULL;NULL;NULL;NULL;"2022-11-14";"13740011K";"2023-01-11";"89";"2022-11-15";"2022-11-17";"0";"0000-00-00";"0000-00-00";"1";"57";NULL;"2023-01-11 02:15:31"
"201";"13";"74";"010";"005";"0011";"71";"17";"3";"1";"1";"1";NULL;NULL;NULL;"60";"1";"1";NULL;NULL;NULL;NULL;"2022-11-14";"13740043K";"2023-01-13";"88";"2023-01-10";"2023-01-10";"0";"0000-00-00";"0000-00-00";"0";"57";NULL;"2023-01-13 03:16:50"
"202";"13";"74";"010";"005";"0012";"71";"17";"3";"1";"1";"1";NULL;NULL;NULL;"65";"1";"1";NULL;NULL;NULL;NULL;"2022-11-14";"13740043K";"2023-01-13";"85";"2023-01-10";"2023-01-10";"0";"0000-00-00";"0000-00-00";"0";"63";NULL;"2023-01-13 03:17:09"
"203";"13";"74";"010";"005";"0013";"71";"17";"3";"1";"1";"1";NULL;NULL;NULL;"47";"1";"1";NULL;NULL;NULL;NULL;"2022-11-14";"13740011K";"2023-01-11";"86";"2022-11-18";"2022-11-20";"0";"0000-00-00";"0000-00-00";"1";"44";NULL;"2023-01-11 02:15:48"
"204";"13";"74";"010";"005";"0017";"71";"17";"3";"1";"1";"1";NULL;NULL;NULL;"53";"1";"1";NULL;NULL;NULL;NULL;"2022-11-14";"13740044K";"2023-01-13";"90";"2023-01-04";"2023-01-05";"0";"0000-00-00";"0000-00-00";"0";"48";NULL;"2023-01-13 03:17:45"
"205";"13";"74";"010";"005";"0018";"71";"17";"3";"1";"1";"1";NULL;NULL;NULL;"47";"1";"1";NULL;NULL;NULL;NULL;"2022-11-14";"13740044K";"2023-01-13";"89";"2023-01-13";"2023-01-14";"0";"0000-00-00";"0000-00-00";"0";"45";NULL;"2023-01-14 06:45:05"
"206";"13";"74";"010";"005";"0005";"72";"17";"3";"1";"1";"1";NULL;NULL;NULL;"43";"1";"1";NULL;NULL;NULL;NULL;"2022-11-14";"13740010K";"2023-01-11";"93";"2022-11-17";"2022-11-18";"0";"0000-00-00";"0000-00-00";"1";"40";NULL;"2023-01-11 02:14:13"
"207";"13";"74";"010";"005";"0006";"72";"17";"3";"1";"1";"1";NULL;NULL;NULL;"77";"1";"1";NULL;NULL;NULL;NULL;"2022-11-14";"13740011K";"2023-01-11";"92";"2022-11-15";"2022-11-17";"0";"0000-00-00";"0000-00-00";"1";"70";NULL;"2023-01-11 02:15:03"
"208";"13";"74";"010";"005";"0008";"72";"17";"3";"1";"1";"1";NULL;NULL;NULL;"52";"1";"1";NULL;NULL;NULL;NULL;"2022-11-15";"13740043K";"2023-01-13";"85";"2023-01-14";"2023-01-15";"0";"0000-00-00";"0000-00-00";"0";"45";NULL;"2023-01-15 02:54:10"
"209";"13";"74";"010";"005";"0015";"72";"17";"3";"1";"1";"1";NULL;NULL;NULL;"66";"1";"1";NULL;NULL;NULL;NULL;"2022-11-15";"13740044K";"2023-01-13";"85";"2023-01-13";"2023-01-14";"0";"0000-00-00";"0000-00-00";"0";"62";NULL;"2023-01-14 08:12:13"
"210";"13";"74";"010";"005";"0016";"72";"17";"3";"1";"1";"1";NULL;NULL;NULL;"43";"1";"1";NULL;NULL;NULL;NULL;"2022-11-15";"13740011K";"2023-01-11";"88";"2022-11-20";"2022-11-21";"0";"0000-00-00";"0000-00-00";"1";"38";NULL;"2023-01-11 02:16:09"
"211";"13";"74";"010";"004";"0013";"73";"17";"3";"1";"1";"1";NULL;NULL;NULL;"114";"1";"1";NULL;NULL;NULL;NULL;"2022-11-15";"13740040K";"2023-01-13";"83";"2022-12-06";"2022-12-07";"0";"0000-00-00";"0000-00-00";"0";"107";NULL;"2023-01-13 03:20:03"
"212";"13";"74";"010";"004";"0016";"73";"17";"3";"1";"1";"1";NULL;NULL;NULL;"46";"1";"1";NULL;NULL;NULL;NULL;"2022-11-15";"13740040K";"2023-01-13";"88";"2023-01-13";"2023-01-14";"0";"0000-00-00";"0000-00-00";"0";"43";NULL;"2023-01-14 04:18:45"
"213";"13";"74";"010";"004";"0019";"73";"17";"3";"1";"1";"1";NULL;NULL;NULL;"49";"1";"1";NULL;NULL;NULL;NULL;"2022-11-15";"13740040K";"2023-01-13";"82";"2023-01-13";"2023-01-14";"0";"0000-00-00";"0000-00-00";"0";"46";NULL;"2023-01-14 09:48:22"
"214";"13";"74";"010";"004";"0021";"73";"17";"3";"1";"1";"1";NULL;NULL;NULL;"64";"1";"1";NULL;NULL;NULL;NULL;"2022-11-15";"13740009K";"2023-01-11";"85";"2022-11-23";"2022-11-24";"0";"0000-00-00";"0000-00-00";"1";"58";NULL;"2023-01-11 02:21:58"
"215";"13";"74";"020";"007";"0001";"74";"18";"3";"1";"1";"1";NULL;NULL;NULL;"53";"1";"1";NULL;NULL;NULL;NULL;"2022-11-15";"13740029K";"2023-01-11";"87";"2022-11-16";"2022-11-16";"0";"0000-00-00";"0000-00-00";"1";"48";NULL;"2023-01-11 02:05:38"
"216";"13";"74";"020";"007";"0005";"74";"18";"3";"1";"1";"1";NULL;NULL;NULL;"52";"1";"1";NULL;NULL;NULL;NULL;"2022-11-19";"13740030K";"2023-01-11";"89";"2022-11-24";"2022-11-25";"0";"0000-00-00";"0000-00-00";"1";"47";NULL;"2023-01-11 02:04:02"
"217";"13";"74";"020";"007";"0018";"74";"18";"3";"1";"1";"1";NULL;NULL;NULL;"62";"1";"1";NULL;NULL;NULL;NULL;"2022-11-19";"13740060K";"2023-01-13";"92";"2022-11-29";"2022-11-29";"0";"0000-00-00";"0000-00-00";"0";"58";NULL;"2023-01-13 03:08:05"
"218";"13";"74";"020";"007";"0023";"74";"18";"3";"1";"1";"1";NULL;NULL;NULL;"95";"1";"1";NULL;NULL;NULL;NULL;"2022-11-25";"13740063K";"2023-01-13";"93";"2022-11-30";"2022-12-05";"0";"0000-00-00";"0000-00-00";"0";"86";NULL;"2023-01-13 03:11:06"
"219";"13";"74";"020";"007";"0008";"75";"18";"3";"1";"1";"1";NULL;NULL;NULL;"110";"1";"1";NULL;NULL;NULL;NULL;"2022-11-19";"13740059K";"2023-01-13";"93";"2022-11-27";"2022-12-01";"0";"0000-00-00";"0000-00-00";"0";"104";NULL;"2023-01-13 03:08:36"
"220";"13";"74";"020";"007";"0014";"75";"18";"3";"1";"1";"1";NULL;NULL;NULL;"184";"1";"1";NULL;NULL;NULL;NULL;"2022-11-24";"13740031K";"2023-01-11";"92";"2022-11-24";"2022-11-27";"0";"0000-00-00";"0000-00-00";"1";"174";NULL;"2023-01-11 02:02:35"
"221";"13";"74";"020";"007";"0022";"75";"18";"3";"1";"1";"1";NULL;NULL;NULL;"65";"1";"1";NULL;NULL;NULL;NULL;"2022-11-25";"13740061K";"2023-01-13";"93";"2022-11-27";"2022-11-28";"0";"0000-00-00";"0000-00-00";"0";"61";NULL;"2023-01-13 03:10:25"
"222";"13";"74";"020";"007";"0004";"76";"18";"3";"1";"1";"1";NULL;NULL;NULL;"76";"1";"1";NULL;NULL;NULL;NULL;"2022-11-19";"13740029K";"2023-01-11";"93";"2022-11-22";"2022-11-24";"0";"0000-00-00";"0000-00-00";"1";"68";NULL;"2023-01-11 02:06:02"
"223";"13";"74";"020";"007";"0006";"76";"18";"3";"1";"1";"1";NULL;NULL;NULL;"48";"1";"1";NULL;NULL;NULL;NULL;"2022-11-15";"13740030K";"2023-01-11";"93";"2022-11-21";"2022-11-22";"0";"0000-00-00";"0000-00-00";"1";"45";NULL;"2023-01-11 02:04:36"
"224";"13";"74";"020";"007";"0011";"76";"18";"3";"1";"1";"1";NULL;NULL;NULL;"49";"1";"1";NULL;NULL;NULL;NULL;"2022-11-15";"13740030K";"2023-01-11";"93";"2022-11-19";"2022-11-21";"0";"0000-00-00";"0000-00-00";"1";"44";NULL;"2023-01-11 02:05:05"
"225";"13";"74";"020";"007";"0015";"76";"18";"3";"1";"1";"1";NULL;NULL;NULL;"56";"1";"1";NULL;NULL;NULL;NULL;"2022-11-15";"13740060K";"2023-01-13";"89";"2022-11-28";"2022-11-28";"0";"0000-00-00";"0000-00-00";"0";"54";NULL;"2023-01-13 03:07:30"
"226";"13";"74";"020";"007";"0002";"77";"18";"3";"1";"1";"1";NULL;NULL;NULL;"66";"1";"1";NULL;NULL;NULL;NULL;"2022-11-15";"13740029K";"2023-01-11";"93";"2022-11-24";"2022-11-25";"0";"0000-00-00";"0000-00-00";"1";"62";NULL;"2023-01-11 02:06:27"
"227";"13";"74";"020";"007";"0003";"77";"18";"3";"1";"1";"1";NULL;NULL;NULL;"39";"1";"1";NULL;NULL;NULL;NULL;"2022-11-15";"13740029K";"2023-01-11";"92";"2022-11-18";"2022-11-19";"0";"0000-00-00";"0000-00-00";"1";"36";NULL;"2023-01-11 02:07:03"
"228";"13";"74";"020";"007";"0010";"77";"18";"3";"1";"1";"1";NULL;NULL;NULL;"104";"1";"1";NULL;NULL;NULL;NULL;"2022-11-25";"13740059K";"2023-01-13";"93";"2022-11-27";"2022-12-02";"0";"0000-00-00";"0000-00-00";"0";"97";NULL;"2023-01-13 03:09:11"
"229";"13";"74";"010";"004";"0006";"78";"19";"3";"1";"1";"1";NULL;NULL;NULL;"116";"1";"1";NULL;NULL;NULL;NULL;"2022-11-25";"13740008K";"2023-01-11";"93";"2022-11-25";"2022-11-27";"0";"0000-00-00";"0000-00-00";"1";"102";NULL;"2023-01-11 02:19:34"
"230";"13";"74";"010";"004";"0023";"78";"19";"3";"1";"1";"1";NULL;NULL;NULL;"169";"1";"1";NULL;NULL;NULL;NULL;"2022-11-25";"13740042K";"2023-01-13";"86";"2022-11-28";"2022-11-30";"0";"0000-00-00";"0000-00-00";"0";"151";NULL;"2023-01-13 03:21:19"
"231";"13";"74";"010";"004";"0024";"78";"19";"3";"1";"1";"1";NULL;NULL;NULL;"105";"1";"1";NULL;NULL;NULL;NULL;"2022-11-25";"13740009K";"2023-01-11";"82";"2022-11-25";"2022-11-27";"0";"0000-00-00";"0000-00-00";"1";"94";NULL;"2023-01-11 02:22:18"
"232";"13";"74";"010";"004";"0003";"79";"19";"3";"1";"1";"1";NULL;NULL;NULL;"42";"1";"1";NULL;NULL;NULL;NULL;"2022-11-25";"13740007K";"2023-01-11";"85";"2022-11-25";"2022-11-25";"0";"0000-00-00";"0000-00-00";"1";"38";NULL;"2023-01-11 02:18:16"
"233";"13";"74";"010";"004";"0004";"79";"19";"3";"1";"1";"1";NULL;NULL;NULL;"74";"1";"1";NULL;NULL;NULL;NULL;"2022-11-25";"13740007K";"2023-01-11";"87";"2022-11-25";"2022-11-26";"0";"0000-00-00";"0000-00-00";"1";"65";NULL;"2023-01-11 02:18:40"
"234";"13";"74";"010";"004";"0009";"79";"19";"3";"1";"1";"1";NULL;NULL;NULL;"190";"1";"1";NULL;NULL;NULL;NULL;"2022-11-25";"13740039K";"2023-01-13";"88";"2023-01-10";"2023-01-12";"0";"0000-00-00";"0000-00-00";"0";"178";NULL;"2023-01-13 03:19:40"
"235";"13";"74";"010";"004";"0005";"80";"19";"3";"1";"1";"1";NULL;NULL;NULL;"53";"1";"1";NULL;NULL;NULL;NULL;"2022-11-15";"13740007K";"2023-01-11";"90";"2022-11-21";"2022-11-21";"0";"0000-00-00";"0000-00-00";"1";"51";NULL;"2023-01-11 02:19:03"
"236";"13";"74";"010";"004";"0008";"80";"19";"3";"1";"1";"1";NULL;NULL;NULL;"225";"1";"1";NULL;NULL;NULL;NULL;"2022-11-25";"13740009K";"2023-01-11";"91";"2022-11-25";"2022-11-29";"0";"0000-00-00";"0000-00-00";"1";"202";NULL;"2023-01-11 02:20:57"
"237";"13";"74";"010";"004";"0001";"81";"19";"3";"1";"1";"1";NULL;NULL;NULL;"61";"1";"1";NULL;NULL;NULL;NULL;"2022-11-29";"13740007K";"2023-01-11";"87";"2022-11-29";"2022-11-29";"0";"0000-00-00";"0000-00-00";"1";"56";NULL;"2023-01-11 02:16:59"
"238";"13";"74";"010";"004";"0002";"81";"19";"3";"1";"1";"1";NULL;NULL;NULL;"84";"1";"1";NULL;NULL;NULL;NULL;"2022-11-29";"13740007K";"2023-01-11";"83";"2022-11-29";"2022-11-30";"0";"0000-00-00";"0000-00-00";"1";"76";NULL;"2023-01-11 02:17:31"
"239";"13";"74";"010";"004";"0007";"81";"19";"3";"1";"1";"1";NULL;NULL;NULL;"145";"1";"1";NULL;NULL;NULL;NULL;"2022-11-29";"13740008K";"2023-01-11";"88";"2022-11-29";"2022-12-01";"0";"0000-00-00";"0000-00-00";"1";"132";NULL;"2023-01-11 02:19:56"
